{"accuracy": 0.7777777777777778, "precision": 0.7777777777777778, "recall": 0.7777777777777778}